No;Y;D;Z.1;Z.2;Z.3;Z.4;Z.5;Z.6;Z.7;Z.8;age;sex
1;26;110;1;1;2;1;0;1;0;2;30;1
2;30;139;1;2;1;0;1;0;1;0;51;2
4;34;129;1;0;2;0;0;2;1;1;49;2
5;26;124;1;1;2;0;0;1;1;2;15;2
6;28;111;0;2;2;1;0;1;0;2;34;2
7;28;103;1;1;2;0;1;2;1;0;36;1
8;26;137;0;1;2;0;2;2;0;0;26;1
9;25;121;0;1;1;0;1;0;1;2;36;2
10;23;120;1;0;1;0;1;2;1;2;33;2
11;21;100;2;1;1;0;1;1;1;2;31;1
12;27;176;1;1;2;0;1;0;2;2;61;1
13;22;140;0;1;2;1;1;1;0;2;27;2
14;25;146;0;2;2;0;1;2;0;2;27;2
15;22;192;1;0;2;0;1;1;2;0;16;1
16;27;128;1;1;1;0;0;1;0;2;22;1
17;32;191;0;1;2;1;1;1;2;2;44;1
18;27;138;0;0;1;0;0;1;2;2;40;1
19;28;177;1;2;2;1;1;1;0;2;45;1
20;36;144;1;0;2;0;0;2;0;1;43;1
21;34;202;1;1;2;0;1;1;2;2;38;1
22;24;69;1;0;0;0;0;1;1;2;15;1
23;26;92;0;1;2;0;0;2;1;1;36;1
24;16;115;1;2;1;0;1;1;1;1;30;2
25;27;143;1;1;2;1;1;2;0;1;47;1
26;30;115;1;1;2;0;2;0;1;1;23;2
27;21;205;2;1;2;0;0;1;2;1;46;1
28;32;141;1;1;2;1;1;2;1;2;39;1
29;24;87;1;1;0;0;2;2;0;2;33;2
30;30;94;0;0;2;1;0;1;1;1;25;1
31;27;133;1;1;2;0;1;2;1;1;30;1
32;24;59;1;2;1;0;0;0;0;1;16;2
33;24;158;0;1;2;0;1;2;0;1;30;1
34;24;147;0;1;2;0;1;2;1;2;32;1
35;36;105;1;1;2;0;2;2;1;1;10;1
36;14;118;1;0;2;0;1;2;2;1;40;2
37;24;103;1;2;2;0;1;2;1;2;35;2
38;20;72;0;1;2;0;0;1;0;2;24;2
39;38;176;1;1;2;0;0;1;1;0;23;1
40;27;91;0;1;2;0;0;2;1;2;22;1
41;27;105;1;0;2;0;1;1;0;2;47;2
42;30;162;1;0;2;0;0;0;1;2;29;2
43;21;75;1;1;1;0;1;1;0;2;37;2
44;25;130;1;1;2;1;0;1;0;2;13;1
45;23;129;0;0;1;0;0;1;0;2;26;2
46;27;140;0;0;1;0;2;2;2;1;34;1
47;27;71;1;2;2;0;1;1;1;2;30;1
48;27;127;1;1;2;0;1;2;2;2;18;2
49;25;83;1;1;2;0;1;2;0;2;14;2
50;33;196;0;1;2;0;1;2;0;1;33;1
51;29;143;1;0;2;0;0;2;1;1;41;2
52;32;98;0;2;2;1;1;2;1;2;30;1
53;26;141;0;1;2;0;0;2;1;1;47;1
54;26;97;0;1;2;0;0;0;1;2;39;1
55;27;182;1;2;1;0;2;0;0;1;33;2
56;29;113;1;0;2;0;1;1;1;2;22;2
57;29;98;1;2;1;0;0;0;0;2;36;2
58;24;112;2;0;1;0;0;0;1;2;29;2
59;21;154;1;0;2;0;0;2;1;2;29;2
60;33;118;1;0;2;0;1;1;0;2;31;1
61;20;97;0;0;0;1;1;2;0;2;33;2
62;29;116;1;2;2;1;0;2;2;2;46;1
63;31;234;0;1;2;0;0;2;1;2;32;1
64;25;127;1;2;1;1;1;2;2;1;25;1
65;30;140;0;1;2;0;0;2;0;2;32;2
66;29;101;0;0;2;0;0;1;1;1;35;1
67;30;167;1;0;2;1;1;1;0;1;34;1
68;24;81;1;1;2;0;1;2;0;1;25;2
69;28;115;0;1;2;0;2;1;1;2;47;2
70;30;79;0;1;2;0;0;2;2;2;33;1
72;31;187;0;2;2;1;0;2;1;1;45;1
73;35;124;1;0;2;0;0;1;1;0;31;1
74;27;157;1;2;2;0;0;1;2;2;45;2
75;30;98;1;2;2;0;0;2;1;2;28;2
76;30;100;0;1;2;0;0;2;2;0;33;2
78;33;106;0;0;2;0;1;1;0;2;41;2
79;23;96;1;1;1;0;0;2;2;1;18;2
80;25;135;0;0;2;0;1;1;0;2;33;1
81;21;91;0;2;2;0;0;1;0;1;21;2
82;29;122;0;1;2;0;0;2;1;2;39;2
83;27;172;1;2;2;1;1;1;1;2;44;1
84;22;60;0;2;1;0;0;2;1;2;35;2
85;35;137;0;0;2;0;0;2;0;2;29;1
86;25;139;0;1;2;0;0;0;0;1;38;2
87;34;168;0;2;2;0;0;2;1;1;43;2
88;27;160;0;0;1;1;1;1;0;2;34;1
89;31;71;1;2;1;1;1;1;0;2;23;1
90;31;121;1;2;2;0;0;2;1;0;32;2
91;30;125;1;2;2;0;1;1;0;1;29;1
92;30;125;0;0;2;0;2;2;1;2;51;1
93;21;136;0;2;2;1;0;2;0;2;33;1
94;28;169;1;1;2;0;0;2;0;2;35;1
95;23;85;0;0;2;1;1;1;2;2;27;1
96;32;124;0;1;2;0;1;1;0;1;40;1
97;24;130;1;1;2;1;0;1;0;1;35;2
98;28;151;1;2;2;0;1;0;0;2;40;2
99;29;124;0;2;2;0;1;2;0;2;29;1
100;32;79;0;0;2;1;0;1;2;2;33;1
101;34;154;1;0;2;1;2;1;2;1;39;2
102;33;141;1;0;2;1;0;2;0;2;35;1
103;38;140;1;1;2;0;1;2;2;2;52;2
104;24;143;1;1;1;0;2;1;0;2;41;2
105;24;90;1;0;2;0;0;1;2;2;45;1
106;25;119;0;0;2;0;1;1;1;2;38;2
107;30;98;0;0;0;0;2;1;0;1;28;1
108;24;53;1;2;2;0;1;2;0;2;32;2
109;23;103;1;1;2;0;1;1;2;2;47;1
110;25;169;0;0;2;0;0;1;1;2;27;1
111;27;85;0;1;2;0;0;0;1;2;30;1
112;23;101;1;0;1;0;0;2;1;1;25;2
113;36;150;0;2;0;0;1;1;0;0;30;2
114;31;140;1;0;2;1;0;0;1;2;31;1
115;23;89;1;0;2;0;2;2;0;1;25;1
116;25;191;0;0;2;0;0;2;0;1;43;1
117;29;170;1;2;2;0;0;2;2;2;24;1
118;37;103;0;0;2;0;1;1;1;2;17;1
119;31;161;1;0;2;0;1;1;0;2;26;1
120;20;136;1;1;1;0;1;2;1;1;40;2
121;26;147;0;1;2;1;0;1;1;2;41;1
122;32;177;0;1;2;1;0;2;0;2;39;2
123;29;174;0;1;2;0;0;2;1;1;43;1
124;29;169;0;2;2;0;0;2;1;2;34;2
126;26;116;0;1;1;0;1;1;2;2;29;2
127;27;127;1;0;2;0;0;1;2;2;33;2
128;37;229;1;1;2;0;2;2;1;2;34;2
130;30;112;0;1;2;0;0;2;2;1;17;1
131;27;90;0;1;1;1;1;2;0;1;27;2
132;26;92;1;0;2;0;0;1;0;2;24;2
133;28;108;1;0;2;0;2;2;1;2;56;1
134;26;87;1;0;2;0;0;1;1;2;16;2
135;29;158;1;2;2;0;2;2;1;1;52;2
136;32;102;0;1;0;0;0;2;0;2;45;1
137;26;167;0;0;2;1;0;1;1;2;50;1
138;30;87;0;2;2;0;0;1;1;1;37;1
139;30;108;1;2;2;2;1;1;1;2;29;1
140;26;110;0;2;1;0;2;2;2;2;32;1
141;31;159;0;0;2;0;0;2;1;2;33;1
142;30;147;0;2;0;1;1;1;1;2;53;2
143;22;131;0;1;2;1;1;1;2;1;31;2
144;31;80;1;1;1;0;0;2;0;2;42;2
145;32;145;1;2;2;1;0;2;0;2;44;2
146;35;136;0;1;1;1;1;0;0;1;29;2
147;35;133;0;2;1;0;0;1;2;2;50;2
148;32;118;0;1;2;0;1;0;0;1;34;1
149;33;129;0;0;1;0;2;2;0;1;24;1
150;31;158;0;2;2;2;1;1;1;2;40;1
151;30;177;1;2;2;0;2;2;0;2;43;1
152;35;139;0;0;2;0;1;1;1;2;49;1
154;23;157;1;2;2;0;0;1;1;2;32;1
155;28;134;1;0;2;1;1;1;1;1;34;2
156;26;110;1;1;2;0;2;2;1;2;28;2
157;27;100;2;2;2;0;1;2;1;1;31;2
158;27;125;0;0;2;1;1;2;0;1;27;1
159;29;94;0;1;2;0;0;2;0;1;31;2
160;26;140;0;0;1;0;0;2;1;2;50;1
161;23;133;0;0;2;0;2;2;1;2;48;2
162;35;115;0;2;2;0;1;1;1;1;28;1
163;26;88;1;1;2;0;1;0;1;2;33;1
164;22;141;1;1;1;0;0;0;1;2;50;2
165;30;134;1;1;2;1;0;1;0;2;40;2
166;25;68;2;1;2;0;2;1;0;1;19;2
167;27;124;1;0;2;0;0;2;1;1;44;1
168;24;124;0;1;1;0;2;2;0;1;31;1
169;29;99;1;2;1;0;0;2;1;2;42;1
170;33;164;1;1;2;1;1;0;1;2;27;1
171;27;145;0;0;2;0;0;1;1;2;27;2
173;27;104;0;0;2;1;1;2;1;1;19;1
174;33;156;1;1;1;0;0;1;1;2;48;1
175;23;101;0;2;2;0;0;2;1;1;17;1
176;20;92;1;0;2;0;1;0;2;2;29;2
177;31;152;0;0;2;1;2;2;1;2;51;2
178;34;122;1;1;2;1;0;2;1;1;24;1
180;30;138;0;0;2;1;0;1;2;2;36;1
182;21;78;0;2;2;0;0;2;1;1;41;2
183;20;94;1;2;2;0;2;1;1;2;41;2
184;33;180;1;0;2;0;2;2;1;2;33;1
185;23;117;1;1;1;0;1;2;0;1;40;1
186;22;135;1;0;1;1;1;0;0;2;39;1
187;36;79;0;0;2;0;2;2;1;2;28;2
188;25;122;2;0;2;0;0;1;1;2;22;2
189;26;125;1;0;1;0;0;2;1;2;35;2
190;22;182;1;2;2;0;1;1;2;1;36;1
191;35;106;1;2;2;0;2;1;1;1;38;2
192;26;174;0;0;2;0;0;2;0;2;46;2
193;32;157;0;0;2;0;0;2;1;2;48;1
194;33;212;1;1;1;1;0;2;2;2;31;1
195;34;159;0;2;1;0;1;2;2;2;31;1
196;25;126;1;2;2;0;1;1;2;1;36;1
197;26;160;1;2;2;1;1;1;0;2;54;2
198;26;99;1;1;1;1;0;1;0;1;24;2
199;20;113;1;0;2;1;1;1;1;2;31;2
200;27;128;1;0;2;0;0;1;1;1;27;2
201;24;211;1;1;2;1;1;0;1;1;29;1
202;21;114;1;1;2;1;0;2;1;2;19;2
203;28;154;0;2;2;0;2;0;0;0;46;2
204;31;72;0;2;1;0;0;2;1;1;27;2
205;30;138;0;1;1;0;2;1;1;2;43;1
206;31;133;0;1;2;0;1;1;1;2;46;1
207;19;134;1;0;2;0;0;1;0;2;30;1
208;22;105;0;0;2;0;1;2;1;2;12;1
209;19;133;1;1;2;0;1;1;1;2;41;1
210;31;145;0;0;1;0;0;1;1;2;46;1
211;30;188;1;0;2;1;1;1;1;1;43;1
212;28;63;1;2;2;0;0;2;1;2;18;1
213;30;73;1;2;1;0;0;2;0;1;31;2
214;33;136;0;2;2;0;1;1;0;2;29;1
215;36;129;0;0;2;0;0;2;1;1;22;1
216;32;117;1;1;2;0;0;2;2;2;27;1
217;30;141;1;1;2;1;0;2;1;2;42;1
218;36;157;0;1;2;0;2;0;0;1;39;2
219;27;172;1;1;0;1;1;2;0;1;30;1
220;25;205;0;1;2;0;1;1;1;2;42;2
221;19;97;1;1;1;0;0;1;0;1;37;1
222;33;74;1;1;2;0;0;0;1;2;33;1
223;24;209;1;2;2;1;1;1;1;2;44;2
224;34;136;1;2;2;0;0;2;0;2;43;2
228;30;84;0;1;2;0;0;0;1;2;42;2
229;22;116;1;0;0;0;0;2;1;1;37;1
230;26;115;0;1;1;1;1;0;0;2;31;1
231;31;166;1;1;2;0;1;2;1;1;29;2
232;29;169;0;1;1;0;1;2;1;2;48;1
233;29;121;0;0;1;0;0;1;1;2;27;1
234;30;129;1;1;2;0;2;2;0;1;34;1
235;33;147;1;1;2;0;2;2;1;2;33;2
236;26;163;0;0;2;0;0;1;0;2;24;1
237;23;79;1;0;2;0;0;2;1;2;17;1
238;29;110;1;2;1;0;0;2;1;0;40;1
239;39;115;0;1;2;0;0;1;1;2;34;2
240;31;188;0;0;2;0;2;1;1;2;23;2
241;26;73;0;1;2;0;0;0;1;2;20;2
242;31;100;1;0;2;0;0;2;0;2;35;1
243;26;143;1;0;2;0;1;1;0;0;42;2
244;27;95;0;2;1;1;0;1;0;1;32;2
245;26;109;2;1;2;0;1;1;1;2;40;1
246;25;16;0;1;2;0;1;1;0;2;27;2
247;29;112;0;0;1;0;0;2;0;2;23;1
248;22;177;0;1;2;1;0;2;1;2;37;1
250;17;133;1;2;1;1;0;2;0;1;27;1
252;23;131;2;0;2;0;2;2;1;2;33;2
253;27;100;0;2;2;0;1;1;0;2;29;1
254;29;84;1;1;2;0;1;2;1;2;28;2
255;21;132;0;1;2;0;0;1;1;1;40;1
256;33;13;0;0;2;0;0;1;2;2;34;1
257;31;86;2;2;2;0;0;2;0;2;29;2
258;28;165;1;2;2;0;0;2;1;2;17;2
259;26;168;0;0;2;1;2;2;0;1;16;2
260;25;116;0;0;2;0;1;1;0;2;26;1
261;25;82;0;1;2;0;0;1;0;2;30;2
262;26;185;0;2;1;1;2;2;1;1;45;1
263;30;145;0;1;2;0;0;1;1;1;38;2
265;31;70;1;2;1;0;1;2;1;2;25;2
266;27;161;0;0;1;0;1;2;2;1;45;2
267;28;111;2;2;2;0;2;2;0;1;39;1
268;30;131;1;1;2;1;0;1;0;1;24;2
269;25;125;1;0;2;0;0;2;1;2;42;2
270;23;190;0;0;2;1;1;2;1;2;43;2
271;27;156;1;1;1;0;0;1;1;1;35;2
272;34;117;1;0;2;0;0;1;1;2;30;1
273;27;149;0;1;2;1;1;1;1;2;46;1
274;25;131;1;0;2;1;0;2;0;1;31;1
275;26;139;1;1;2;0;0;2;0;2;24;1
276;27;219;0;2;2;0;1;2;1;2;52;2
277;25;114;1;1;2;0;0;2;1;1;32;1
278;32;140;0;0;2;1;1;1;1;2;44;1
279;30;108;0;0;2;0;0;2;1;2;36;2
280;28;149;1;1;2;0;2;0;1;2;21;1
281;28;120;0;0;2;0;1;1;0;2;51;2
282;28;178;1;2;2;0;0;2;0;1;33;2
283;26;109;1;0;2;0;1;2;0;2;28;1
284;28;124;0;1;2;1;1;1;2;2;30;2
285;31;85;2;0;2;1;1;1;2;1;29;2
287;25;154;1;0;2;0;1;2;1;2;45;2
288;31;99;0;2;2;0;1;1;0;2;39;1
289;23;149;1;1;2;0;1;2;1;2;55;2
290;31;89;0;1;2;0;1;2;0;2;49;2
291;32;120;1;0;0;0;1;1;0;1;23;1
292;29;155;0;1;1;0;1;2;1;2;47;1
294;30;79;1;0;1;0;0;1;0;2;27;2
295;28;160;1;1;2;0;1;1;1;1;45;2
296;29;119;1;1;2;0;0;1;1;1;26;1
297;30;175;1;0;2;1;0;2;1;2;21;2
298;25;189;1;0;2;0;2;1;1;2;52;2
299;25;97;0;0;1;2;0;2;0;0;47;1
300;26;122;0;2;2;1;0;1;2;1;47;1
301;33;177;0;0;2;0;1;1;0;1;41;2
302;22;79;1;0;1;0;1;1;0;2;34;2
303;25;119;1;1;1;0;1;2;0;2;34;2
304;25;144;0;2;1;0;2;0;1;2;20;1
305;29;184;0;0;1;0;0;2;1;0;40;2
306;22;86;1;1;2;0;1;0;1;0;24;2
308;23;76;1;0;1;0;0;1;2;2;35;2
309;34;104;0;2;1;0;1;1;0;2;23;2
310;22;89;0;1;1;0;0;2;1;2;21;1
311;28;101;0;1;1;0;0;1;1;0;36;2
312;24;142;1;0;2;0;1;1;1;2;51;2
313;31;103;1;0;2;1;0;1;1;2;26;2
314;32;118;1;2;2;0;1;2;2;2;31;1
315;26;133;0;0;2;1;0;1;1;2;35;1
316;33;106;1;1;2;0;1;2;1;1;38;1
317;27;79;0;0;2;0;0;1;0;2;18;2
318;27;137;0;1;2;0;0;2;0;2;25;2
320;28;152;0;1;2;0;0;1;1;2;30;1
321;23;141;1;0;2;0;1;2;1;1;37;1
322;37;68;2;2;2;0;0;2;1;2;37;2
323;32;126;1;0;2;0;0;2;1;1;27;2
324;26;114;2;2;2;0;1;2;1;1;32;2
325;22;106;0;0;2;0;1;0;0;2;34;2
326;24;129;0;1;2;0;0;1;1;0;24;2
327;28;158;1;2;2;1;1;0;2;2;33;2
328;28;100;2;1;2;0;0;2;1;2;39;2
329;29;139;0;1;2;0;1;1;2;1;40;2
331;28;188;1;1;2;0;1;2;2;2;52;1
332;23;201;0;1;2;0;1;2;1;2;42;2
333;26;94;0;1;1;0;1;1;1;2;30;2
334;24;130;0;0;0;1;1;1;2;2;38;1
335;28;143;1;1;2;0;1;2;2;2;43;2
336;29;102;1;0;2;1;0;2;1;2;25;2
337;30;168;0;2;2;0;1;1;0;2;42;2
338;32;166;1;0;2;1;0;2;0;2;46;1
339;32;103;0;1;2;0;1;2;2;1;19;2
340;27;97;1;1;2;1;0;2;2;2;28;1
341;26;130;0;0;2;0;1;2;1;2;29;2
342;30;84;1;2;2;0;1;2;1;2;43;1
343;28;140;0;2;2;0;0;2;0;2;45;2
344;22;155;1;0;2;0;0;1;2;2;45;1
345;25;146;0;2;1;0;0;2;1;2;33;1
346;26;124;0;1;1;0;1;1;1;2;39;1
347;28;127;0;0;2;0;1;1;2;2;23;2
349;22;105;0;2;1;0;0;1;0;1;23;1
350;33;100;0;2;2;0;1;1;0;1;22;2
351;25;107;1;1;2;0;0;1;2;2;47;1
352;25;117;1;2;2;2;0;1;2;1;26;2
353;32;152;0;0;2;0;1;2;2;2;43;2
354;23;144;1;1;2;0;0;2;1;2;54;1
355;26;131;1;1;2;0;1;1;1;2;47;2
356;35;183;1;2;2;0;1;1;0;0;45;2
357;24;126;0;2;2;1;2;1;1;2;25;2
358;30;121;0;1;2;0;0;2;0;2;20;2
359;27;131;0;0;2;0;1;2;1;2;36;2
360;24;69;1;1;2;0;0;1;0;2;30;2
361;27;147;1;0;2;1;1;2;0;2;28;1
362;28;184;1;0;2;1;0;1;2;2;23;1
363;35;182;1;0;2;1;0;2;2;2;58;2
364;25;155;0;2;2;0;0;0;1;2;25;1
365;30;76;1;1;2;0;0;0;0;2;28;2
366;27;121;1;2;2;0;0;2;1;2;36;1
367;24;115;0;0;2;0;1;0;0;1;33;2
368;24;107;0;1;1;1;1;1;0;1;26;1
369;24;160;2;1;2;0;2;2;0;0;43;2
370;26;141;0;1;2;0;0;2;1;1;36;2
371;28;102;0;0;2;0;2;1;2;1;27;1
372;25;121;0;2;2;1;0;2;1;1;31;1
374;31;143;0;1;2;0;0;1;1;1;39;2
376;20;140;1;1;2;0;0;1;2;1;46;2
377;30;132;1;0;2;0;0;2;1;2;50;1
378;24;131;0;2;2;1;0;2;2;2;28;1
379;27;131;1;2;1;0;1;2;2;2;41;2
380;30;93;1;1;2;1;0;2;1;2;44;1
381;26;110;0;2;1;0;1;2;1;2;30;1
382;26;138;0;0;2;0;0;1;1;2;29;1
383;32;175;0;2;2;0;0;2;1;2;46;1
384;34;115;0;0;2;0;0;1;1;1;19;1
386;29;139;2;0;1;0;0;0;1;2;44;2
387;27;121;0;1;2;0;0;1;1;1;35;2
388;24;73;1;2;1;0;1;2;0;0;28;2
389;23;114;0;2;1;0;0;2;1;1;43;2
390;32;147;0;2;2;0;0;1;1;1;27;1
392;23;144;0;1;2;0;1;1;0;2;24;1
393;33;101;1;1;1;1;1;2;0;2;31;2
395;34;139;1;0;2;1;0;1;2;1;34;1
396;39;191;1;1;2;0;1;1;0;2;35;1
397;26;127;1;2;2;0;0;2;1;1;26;1
398;22;128;0;0;2;0;1;2;1;1;31;1
399;27;128;0;0;2;0;0;1;1;1;30;2
400;32;117;0;1;2;0;1;2;1;2;27;1
401;38;131;0;1;2;1;2;1;1;2;30;1
402;26;106;1;0;2;0;0;0;2;2;47;2
404;28;143;0;2;2;0;1;1;1;2;25;2
405;28;104;1;1;2;0;0;2;0;1;19;1
406;33;109;1;2;2;0;1;2;1;2;28;2
407;26;239;0;1;2;0;1;2;0;2;23;2
408;21;218;1;2;2;0;0;2;0;1;50;1
409;21;150;0;2;2;1;1;1;0;1;26;1
410;26;151;1;1;2;0;1;2;2;2;42;2
411;27;145;1;2;2;1;1;1;0;2;40;1
412;31;178;0;2;2;0;2;2;2;2;53;1
413;36;192;1;1;2;0;0;1;2;2;23;2
414;31;179;0;1;0;0;1;2;1;2;45;2
415;30;160;0;1;2;0;1;2;2;2;60;2
416;20;95;0;2;2;0;0;1;2;1;28;1
417;28;113;0;1;2;0;0;2;1;1;26;2
419;34;101;1;0;2;0;1;2;0;2;20;2
420;22;99;2;0;2;0;1;1;0;2;29;1
421;19;138;1;1;2;0;2;1;1;2;17;2
422;27;112;0;0;1;0;1;2;0;2;55;2
423;25;146;1;1;1;0;2;1;1;2;26;2
424;24;87;1;2;2;0;1;1;0;2;33;1
425;23;138;0;1;2;1;0;2;1;2;35;1
426;27;69;1;2;2;0;1;1;1;2;24;1
427;26;110;0;0;2;0;0;2;2;1;43;2
428;24;148;0;1;2;0;1;2;1;1;44;2
429;22;117;1;0;2;0;0;1;0;1;51;1
430;20;84;1;2;2;1;0;1;1;2;35;1
431;30;169;0;2;2;0;1;2;0;2;36;1
432;22;161;1;2;2;1;1;2;1;2;46;1
433;26;131;1;1;2;0;0;1;0;2;49;1
434;24;127;1;1;2;0;1;2;1;2;53;2
435;29;125;0;0;1;1;1;1;1;2;27;1
436;21;169;1;1;2;1;0;1;2;2;48;2
437;31;111;0;2;2;0;1;1;0;2;40;2
438;24;41;1;1;1;0;0;1;1;2;25;1
439;26;62;1;1;1;0;1;2;1;2;39;1
440;30;145;1;2;1;0;1;1;1;2;37;2
441;26;105;0;2;2;0;0;0;0;2;39;2
442;17;188;1;2;1;0;1;2;0;1;58;1
443;29;116;0;1;1;1;1;2;2;1;39;2
444;25;157;1;0;2;1;0;1;1;1;36;2
445;34;141;0;1;2;1;0;1;2;1;18;2
446;24;70;1;2;1;0;1;2;1;1;23;1
447;25;83;0;2;2;0;0;1;1;2;19;1
448;26;108;2;2;2;1;1;0;2;1;28;2
449;24;94;0;1;2;1;0;1;1;2;32;2
450;31;104;0;1;1;0;1;2;1;2;39;2
451;21;132;1;1;2;0;0;2;0;2;23;2
452;31;126;0;1;2;0;0;2;0;2;22;1
453;33;152;1;1;2;0;1;1;1;2;42;2
454;21;83;0;1;2;0;2;2;1;1;28;2
455;32;108;1;2;2;1;0;2;1;1;30;1
456;29;131;1;1;2;0;1;1;1;1;34;1
457;27;111;0;1;2;0;0;1;1;1;37;2
458;37;121;1;2;2;0;0;1;0;2;33;1
459;25;62;0;1;2;0;1;2;0;2;28;2
460;20;138;0;2;2;0;0;2;0;2;37;1
461;26;68;0;1;2;0;0;0;1;2;17;1
462;26;116;0;1;2;0;1;1;1;1;32;2
463;23;218;2;2;2;0;1;1;0;2;44;2
464;31;91;1;2;2;0;0;2;1;0;16;1
466;32;123;0;0;1;0;0;1;1;1;36;2
468;27;81;1;1;2;0;1;1;2;2;16;2
469;23;214;1;0;2;0;1;2;0;2;30;1
470;21;92;1;2;1;0;0;1;1;1;21;2
471;24;204;0;1;1;0;0;2;1;2;43;2
472;25;154;0;1;2;0;1;1;1;1;36;2
473;24;147;1;2;1;0;0;1;0;2;30;2
474;21;133;0;2;2;0;0;1;1;0;35;1
475;29;98;1;2;2;0;1;2;0;1;30;2
476;32;114;2;1;1;0;0;1;1;1;36;1
477;34;126;1;1;2;0;1;1;0;2;33;1
478;20;120;1;1;2;0;0;0;2;2;52;1
479;27;160;1;1;2;0;0;0;0;1;41;2
480;33;117;0;0;2;1;0;1;0;1;28;1
481;28;126;0;2;2;1;0;2;0;2;23;2
482;26;85;0;0;2;0;0;2;1;2;26;1
483;31;90;1;1;2;0;0;2;0;2;30;1
484;25;72;1;2;2;0;2;1;0;2;30;2
485;31;97;1;1;1;1;2;2;0;2;28;1
486;25;117;2;0;2;0;0;2;0;2;17;2
487;22;172;0;0;2;0;1;1;0;2;29;1
488;23;167;1;0;1;1;0;1;0;1;55;2
490;34;102;0;2;1;0;0;0;1;2;35;2
491;37;182;1;2;2;1;1;1;0;1;30;1
492;31;100;1;2;2;0;1;1;0;1;46;2
493;20;97;0;1;2;0;1;2;1;1;36;2
494;27;137;1;0;1;0;2;2;0;2;29;1
495;24;138;1;0;0;0;2;0;0;2;37;1
496;28;105;1;1;2;0;0;2;0;2;31;2
497;31;137;1;1;2;0;0;2;0;2;37;2
498;17;116;1;2;2;0;2;2;1;1;27;2
499;28;110;1;0;2;0;2;1;0;1;33;2
501;28;180;1;1;2;1;2;2;0;2;48;2
502;40;90;1;1;2;0;1;2;1;1;29;2
503;31;183;0;0;2;0;0;2;1;1;35;2
504;34;99;1;2;2;0;1;2;0;1;25;2
505;29;100;1;1;2;0;2;2;1;2;26;2
506;37;115;1;1;2;0;0;1;1;2;21;1
507;27;103;0;2;2;0;0;1;0;2;23;2
508;29;202;2;1;2;1;0;2;2;2;34;2
509;26;124;1;1;2;0;0;2;1;2;47;1
510;39;191;0;1;2;0;1;2;0;2;34;2
512;25;134;2;1;2;0;1;1;1;2;26;2
513;21;134;1;2;1;0;0;1;1;2;27;1
515;27;117;0;0;2;0;1;1;1;2;36;2
516;27;134;0;2;2;1;1;1;1;2;27;1
517;27;181;0;0;2;0;0;2;2;2;26;1
520;26;93;0;2;2;0;0;2;0;2;30;2
521;25;98;0;2;2;1;0;2;0;2;20;1
522;29;91;0;2;1;1;1;1;2;1;32;2
523;29;118;1;1;2;2;1;2;0;2;37;1
524;24;174;1;1;1;0;0;0;1;2;37;1
525;29;140;2;0;2;1;2;1;2;2;38;1
526;31;139;1;1;2;0;1;1;1;1;32;2
527;28;133;0;1;0;0;1;1;1;1;18;1
528;26;61;0;0;2;0;0;1;0;1;19;1
529;27;161;0;0;1;0;2;1;1;2;42;2
531;22;82;1;1;2;0;1;0;1;1;26;2
532;22;198;0;0;2;0;0;2;0;2;42;1
533;28;176;0;1;2;0;1;2;1;2;29;2
534;30;126;1;0;1;0;1;2;2;2;25;1
535;27;126;0;0;2;0;1;2;1;2;38;1
536;32;122;0;2;2;0;1;1;0;1;34;1
537;39;219;1;1;1;0;1;2;1;2;34;2
538;36;219;0;0;1;0;1;1;1;1;47;2
539;25;169;0;1;2;0;0;1;1;1;41;1
540;31;122;0;0;2;0;1;1;1;2;27;1
541;22;120;0;1;1;0;2;2;0;2;26;2
542;39;140;1;1;2;0;1;2;0;2;36;2
543;29;121;0;0;2;0;0;2;0;2;43;2
544;26;165;0;1;2;1;1;0;0;2;38;1
545;29;188;0;0;1;0;0;2;0;2;40;1
546;29;174;1;1;2;1;0;1;2;1;31;2
547;31;107;1;1;2;0;0;1;0;2;33;2
548;25;87;0;0;2;0;2;1;0;1;38;1
549;32;90;1;0;1;0;0;2;1;2;37;2
550;29;113;1;1;0;0;0;2;1;2;40;1
551;32;112;0;2;2;0;0;2;1;1;26;1
552;29;115;2;1;2;0;1;1;1;2;29;2
553;24;123;0;0;2;0;0;2;0;2;43;2
554;20;98;1;1;0;1;0;1;0;2;24;2
555;29;93;0;1;1;1;0;1;0;2;35;1
556;26;95;1;2;1;0;0;2;0;1;38;2
557;31;106;1;2;2;0;1;0;1;2;48;2
558;35;99;2;2;2;0;1;1;0;2;22;2
559;30;135;0;1;2;0;1;1;0;2;42;2
560;37;109;1;1;2;0;0;2;2;2;37;1
561;29;117;0;2;2;0;2;2;1;2;47;1
562;26;64;1;0;2;0;1;1;0;1;32;2
563;26;87;1;1;2;0;0;2;0;2;24;2
564;25;197;1;1;2;1;2;0;1;1;38;2
565;25;129;0;0;2;1;2;2;2;1;27;2
566;24;193;1;0;2;1;0;2;2;2;39;1
567;25;98;1;0;2;0;0;0;1;2;43;2
568;32;88;1;2;2;0;0;2;1;2;19;1
569;28;112;0;2;2;0;0;1;2;1;26;2
570;34;148;0;2;2;0;1;2;0;1;34;2
571;28;158;1;0;2;0;1;2;1;1;54;2
572;33;132;0;2;1;1;0;2;0;2;28;1
573;30;167;0;1;1;0;1;2;0;1;41;1
574;26;151;0;1;2;1;1;1;2;1;46;1
575;28;77;0;0;0;0;0;2;1;2;28;2
576;24;103;1;2;1;0;1;0;0;2;20;1
577;31;125;1;1;2;1;1;1;2;2;27;2
578;34;168;1;0;2;0;0;0;0;2;43;1
579;30;91;1;2;2;0;0;1;1;1;26;2
580;23;98;0;1;2;0;1;0;2;2;47;2
582;26;129;0;2;2;0;0;1;0;1;43;1
584;27;121;0;1;1;0;0;1;1;2;45;1
585;20;96;1;2;2;0;0;2;2;1;28;1
586;21;126;1;2;2;1;1;2;0;2;38;1
587;23;200;1;0;2;1;1;2;1;2;52;1
588;27;127;0;1;2;1;1;0;1;2;43;2
589;31;85;1;0;2;0;0;2;1;2;35;1
590;25;114;0;0;2;0;1;2;0;0;43;2
593;25;147;0;1;2;1;0;2;2;1;41;1
594;28;183;0;1;0;0;1;2;1;0;45;2
595;23;68;2;0;2;0;0;2;1;1;34;2
596;27;162;0;1;2;0;0;1;1;1;28;1
597;30;137;1;2;2;0;0;2;1;2;39;1
598;24;149;0;1;2;0;0;2;1;2;32;1
599;22;104;2;2;2;0;1;1;0;1;22;2
600;28;199;1;1;2;0;1;1;2;2;27;1
601;27;90;0;0;1;0;1;2;2;2;21;2
603;35;130;1;0;2;0;1;1;0;2;32;1
605;20;151;1;0;2;0;0;1;1;0;48;2
606;24;184;1;2;2;0;0;2;0;1;45;1
607;30;143;0;1;2;0;1;1;1;2;36;1
608;34;117;0;1;2;0;2;2;1;2;22;2
609;31;143;1;1;2;0;1;2;0;2;36;1
611;23;118;1;0;2;0;1;1;1;2;36;1
612;29;83;1;1;2;0;1;1;0;2;22;1
613;31;93;1;0;2;0;1;2;1;2;36;1
614;21;117;0;1;2;0;0;1;0;2;26;1
615;31;133;0;2;2;0;0;1;0;2;39;2
616;25;124;1;1;2;0;1;0;1;0;27;2
617;30;114;0;2;1;1;1;1;2;2;48;1
618;21;113;1;2;1;1;1;1;1;2;33;1
619;24;147;0;1;1;0;0;2;2;2;38;2
620;30;119;1;0;2;0;0;2;1;1;30;2
621;22;91;1;2;2;1;2;2;2;1;15;2
622;27;169;1;1;2;1;1;0;2;0;41;1
623;24;144;1;2;2;0;0;1;2;2;41;1
624;28;136;1;2;2;1;1;1;0;1;22;2
625;22;116;0;0;2;0;0;2;1;2;32;1
626;27;145;1;1;2;0;1;2;0;1;46;2
627;26;95;1;1;2;0;2;0;0;1;19;2
628;26;138;1;2;2;0;0;2;0;2;51;2
629;23;162;0;1;2;0;0;1;0;2;33;1
630;20;78;1;1;1;0;0;1;1;2;17;1
631;23;82;0;0;1;0;1;2;0;2;40;1
632;34;110;1;0;2;0;2;2;2;2;34;1
633;26;89;1;0;2;0;1;2;1;1;37;1
634;27;115;1;1;2;0;1;2;2;2;25;2
635;22;109;1;2;1;1;1;1;1;2;49;2
636;32;131;0;2;2;0;0;2;1;2;36;2
637;31;118;0;0;2;1;1;1;1;1;46;1
638;27;132;1;1;2;1;1;2;1;2;32;2
639;27;132;0;0;2;0;2;0;1;2;34;2
640;24;80;0;1;1;0;0;2;0;1;37;2
642;34;93;1;0;2;0;1;2;0;1;31;2
643;29;91;1;2;2;0;0;2;1;2;40;1
644;19;87;0;1;2;1;1;2;2;1;17;2
645;25;131;1;1;2;1;2;2;1;1;32;1
646;24;64;1;0;1;0;0;0;0;2;23;1
647;30;164;0;1;2;1;0;2;2;2;45;1
648;23;161;0;1;2;0;0;2;1;1;47;2
650;32;100;1;2;2;1;1;2;1;2;19;2
651;27;145;1;1;2;0;0;1;1;1;49;1
652;24;100;1;1;2;0;1;2;1;1;23;2
653;26;110;0;0;2;0;1;1;0;2;34;1
654;26;125;0;1;2;0;0;1;0;2;32;1
655;28;131;0;0;2;0;1;2;2;2;36;2
656;29;105;0;2;2;0;1;1;2;2;39;2
657;24;115;0;2;2;0;1;0;0;2;43;1
658;26;105;1;2;2;0;1;2;0;2;12;1
659;35;157;0;1;2;0;1;2;0;2;19;1
660;26;59;2;1;2;1;1;1;0;1;36;2
661;18;104;1;1;1;1;1;2;1;1;23;1
662;26;103;0;2;2;1;1;1;1;2;11;1
664;29;133;1;2;2;0;2;2;1;2;22;2
665;33;165;0;1;2;1;0;1;1;2;21;1
666;24;116;0;0;2;0;1;1;1;2;34;1
667;32;139;0;0;2;0;0;2;0;0;20;2
668;30;131;1;1;2;0;1;1;0;2;29;1
669;28;134;0;0;2;0;1;2;0;2;18;2
670;29;130;0;0;2;1;0;2;0;1;27;2
671;35;116;2;2;2;0;2;1;2;2;37;2
672;25;137;0;0;2;0;0;1;1;2;40;1
673;39;164;0;1;2;0;1;1;1;1;51;2
674;22;74;0;0;2;0;2;1;2;2;22;2
675;25;129;1;0;2;0;1;2;1;2;48;1
676;33;119;1;0;2;0;0;2;2;0;38;1
677;35;132;1;2;2;0;1;1;1;0;43;2
678;30;164;0;1;2;0;1;1;0;2;49;1
679;29;161;0;0;1;1;1;2;0;2;48;1
680;21;163;0;0;2;0;0;2;0;1;37;1
681;28;163;0;0;2;0;1;1;0;1;36;2
682;21;144;1;0;2;1;1;2;0;2;35;1
683;25;99;1;1;2;0;1;1;0;2;48;2
684;24;115;1;1;2;1;0;1;2;2;25;1
685;26;203;0;2;2;0;2;2;1;2;47;2
686;28;122;1;2;2;2;1;2;1;1;23;2
687;33;125;1;2;1;1;2;1;1;1;23;1
688;27;151;1;1;2;0;0;1;0;2;33;2
689;34;184;1;2;1;0;1;2;0;1;49;2
690;25;74;1;0;2;0;0;1;1;2;37;2
691;29;79;1;1;2;0;1;2;0;2;29;2
693;28;173;1;1;2;0;1;0;1;1;43;1
694;29;100;0;1;2;0;1;1;1;2;44;1
695;27;115;1;2;2;0;0;2;2;1;33;2
696;27;130;1;2;2;0;1;2;2;2;43;1
697;30;122;1;1;2;0;1;1;1;2;25;1
698;21;123;0;0;2;0;0;1;1;2;37;1
699;23;211;0;1;2;0;2;2;1;1;52;1
700;24;137;1;1;2;0;1;0;1;1;44;2
701;32;121;1;2;1;0;2;0;0;2;42;2
702;36;132;0;2;2;1;1;2;0;2;25;2
704;28;142;1;2;2;0;0;2;1;2;17;2
705;26;102;0;2;2;0;1;2;0;2;40;2
706;34;116;2;2;1;0;0;1;0;2;46;2
707;26;125;0;2;2;1;1;1;2;2;34;2
708;24;177;1;2;1;0;1;0;2;2;52;2
709;35;113;0;0;2;1;0;1;1;1;24;2
710;22;149;0;2;2;0;0;1;0;2;41;1
712;28;72;0;1;2;1;2;2;1;0;40;2
713;34;164;0;0;2;0;1;2;1;2;48;2
714;27;163;0;1;2;1;1;2;2;1;42;2
715;17;109;1;1;1;0;0;0;0;1;42;1
716;28;162;0;1;2;0;0;2;1;1;30;1
718;20;60;0;1;2;0;1;2;2;2;36;2
719;24;87;1;1;1;1;0;0;0;1;24;1
720;27;89;1;2;2;0;0;2;1;2;43;1
721;23;128;0;1;1;1;1;1;0;2;35;1
722;31;12;0;1;1;0;0;2;0;2;17;2
723;26;156;1;2;2;0;0;2;1;1;35;1
724;29;137;0;0;2;1;1;1;1;1;40;2
725;22;104;0;1;2;1;0;1;0;2;36;2
726;27;109;0;2;1;0;0;2;2;0;24;1
727;24;118;1;1;2;1;2;1;1;2;29;2
728;29;185;1;2;2;0;1;1;1;2;49;1
729;32;119;1;2;2;0;1;1;1;2;31;2
730;27;135;1;1;0;1;0;1;1;2;39;2
731;27;145;1;0;2;1;1;0;1;2;31;2
732;29;177;1;1;2;0;0;1;1;2;28;1
733;22;187;1;0;2;0;1;2;0;2;37;1
734;32;151;1;0;2;1;1;2;1;2;37;2
735;25;94;0;0;2;0;0;1;0;1;42;1
736;23;122;0;2;2;0;1;2;1;2;46;1
737;24;116;1;1;2;0;1;1;1;2;41;2
738;29;114;1;1;2;0;1;2;0;2;34;1
739;25;86;1;0;2;0;0;1;1;1;29;2
740;29;199;0;2;2;0;2;1;0;2;31;2
741;25;90;0;0;1;0;2;2;1;2;37;2
742;27;213;1;1;2;0;0;0;0;1;36;1
743;30;112;1;2;2;0;1;2;1;2;17;1
744;22;106;0;1;2;1;1;1;1;2;25;1
745;27;67;0;0;2;0;1;2;0;2;25;2
746;22;108;0;0;2;0;1;1;1;2;30;1
747;19;87;0;0;2;0;1;0;0;2;34;2
748;32;160;1;2;1;0;0;1;1;0;31;1
749;24;126;0;1;1;0;1;2;1;2;24;1
750;25;130;1;1;2;0;2;0;0;1;34;2
752;25;124;1;1;2;0;0;2;1;2;22;1
753;36;190;2;1;2;0;1;2;0;2;55;2
754;29;143;1;0;2;1;1;2;0;1;45;2
755;26;103;0;1;2;0;1;0;1;2;33;1
756;23;73;1;2;2;0;0;1;1;2;21;2
757;30;106;1;2;2;0;0;1;0;2;31;2
758;34;36;0;2;1;0;1;2;0;2;27;1
759;31;117;0;2;1;0;0;1;1;1;30;2
760;22;97;1;1;2;1;1;2;0;2;15;1
761;27;130;0;2;2;0;0;2;0;2;25;1
762;27;135;1;0;2;1;1;2;1;2;47;2
763;33;95;1;2;2;1;0;2;1;1;40;2
764;33;77;0;1;1;0;2;1;0;2;38;1
765;23;109;0;0;1;0;2;1;1;1;23;2
766;28;114;0;1;2;0;1;1;0;2;31;2
767;24;84;0;0;2;0;0;1;1;2;33;2
768;28;138;0;0;2;1;1;2;1;2;29;2
769;19;161;1;0;2;0;0;0;0;2;29;1
770;26;151;0;0;2;1;0;1;2;1;32;1
771;24;149;1;2;2;1;0;1;1;2;43;2
772;28;109;0;2;1;0;2;0;1;2;38;1
773;22;149;0;2;2;0;0;2;0;2;40;1
774;24;173;0;0;2;2;0;1;0;2;37;1
775;30;209;0;1;1;1;2;1;1;2;46;1
776;38;106;1;1;2;0;0;1;1;1;34;2
777;36;168;1;0;2;0;1;2;2;1;39;1
778;33;127;1;1;1;0;0;1;1;2;21;1
779;26;118;0;0;2;0;0;2;1;1;36;2
780;24;105;1;2;2;1;0;1;2;1;37;2
781;25;85;1;0;2;0;1;2;2;0;30;1
782;29;135;1;1;2;0;1;2;1;1;42;1
783;27;96;0;0;2;0;0;2;0;2;33;2
784;32;110;1;0;1;0;1;1;1;2;41;2
785;35;118;2;1;2;0;1;1;1;1;15;1
786;32;152;1;0;1;0;1;2;1;1;43;2
787;27;222;0;2;1;0;0;2;1;2;44;1
789;26;119;0;1;2;0;0;1;1;2;36;2
790;36;167;0;0;2;1;1;1;0;2;43;1
791;25;168;0;0;2;0;1;2;1;2;47;1
792;26;89;1;2;2;1;0;2;1;2;35;2
793;27;95;0;2;2;1;2;1;1;1;23;1
794;30;131;1;1;2;0;1;2;2;1;21;2
795;35;91;1;2;2;0;0;1;1;1;26;1
796;29;115;1;0;2;0;1;1;0;1;29;2
797;22;180;0;0;2;0;0;2;1;2;40;2
798;25;115;1;1;1;0;1;2;0;2;45;1
799;29;102;0;0;1;0;0;1;0;1;21;1
801;32;111;1;2;2;0;0;2;0;2;36;1
802;33;62;1;0;2;0;1;2;0;2;35;1
803;27;128;1;1;2;0;0;2;1;2;25;2
804;25;148;0;1;2;0;0;2;0;2;37;1
806;26;161;1;1;2;1;0;2;1;2;49;2
807;26;107;1;2;2;0;1;1;0;2;28;2
808;33;169;1;2;1;0;0;2;1;2;40;2
809;24;94;1;0;2;0;2;2;1;2;34;1
810;26;96;0;2;2;0;1;2;1;2;27;2
811;26;116;0;2;2;0;1;1;0;1;38;2
812;27;139;0;1;2;0;0;0;1;2;37;1
813;28;173;0;1;2;0;0;2;0;2;25;2
814;24;120;1;0;1;0;0;1;1;2;25;1
815;23;124;0;0;2;1;2;1;2;2;32;2
816;29;80;1;2;1;0;0;0;1;1;24;2
817;27;155;0;2;2;0;0;0;0;2;46;1
818;30;122;0;1;2;1;2;2;1;1;25;2
819;31;97;1;2;2;0;2;1;0;1;29;2
820;23;127;0;0;1;1;0;1;1;0;39;2
821;27;124;1;0;2;0;1;1;1;1;41;1
822;31;162;0;2;2;0;2;2;2;2;31;2
823;20;84;2;2;2;0;2;2;0;2;20;2
824;22;121;0;1;1;0;0;2;1;2;43;1
825;27;137;1;1;2;0;1;2;0;2;27;1
826;31;102;0;0;2;0;0;0;1;2;32;1
828;26;121;0;2;2;0;1;1;1;2;32;2
829;22;16;1;0;1;0;1;2;1;0;33;1
830;28;82;0;2;2;0;0;0;1;2;32;1
831;29;182;0;0;2;1;1;2;2;2;44;1
832;30;82;0;1;2;0;1;1;1;2;33;2
833;22;124;1;0;2;0;2;1;0;1;54;1
834;25;145;1;2;1;1;1;2;0;1;37;1
835;26;105;1;1;2;0;0;1;1;1;27;2
836;29;116;0;2;2;1;1;2;0;2;36;2
838;32;161;1;1;2;0;0;2;0;2;35;1
839;24;108;1;2;2;1;0;1;1;2;32;2
840;24;119;2;0;0;1;1;2;1;2;35;1
841;27;171;1;0;2;0;0;2;1;2;47;2
842;27;133;0;2;2;0;1;2;0;2;45;2
843;28;113;1;0;2;0;2;1;2;1;22;2
845;25;154;1;2;1;0;1;2;1;2;26;2
846;18;145;0;2;2;0;1;1;1;1;34;1
847;31;132;1;1;2;0;0;1;2;1;26;1
848;25;91;2;1;2;1;0;2;1;0;31;2
849;30;139;1;2;1;0;0;1;1;2;32;2
850;25;110;1;1;2;0;0;2;0;2;46;2
851;17;89;1;1;2;0;0;1;2;1;27;1
852;26;117;0;2;2;0;2;2;0;2;21;2
853;28;127;0;1;1;0;2;1;2;2;24;1
854;25;181;0;1;2;0;1;1;1;0;48;2
855;27;153;1;1;2;1;0;2;0;2;38;2
856;18;128;1;1;2;1;0;2;0;2;40;2
857;22;115;1;2;2;2;0;1;2;2;36;2
858;22;149;1;1;1;0;0;1;1;2;27;2
859;23;97;0;0;2;0;1;2;0;2;31;2
860;20;109;1;1;2;0;1;2;1;1;29;2
861;26;83;1;1;2;0;0;1;0;2;26;1
862;36;148;0;2;2;0;1;1;1;1;39;1
863;23;112;1;2;1;0;0;1;1;1;22;1
864;35;187;1;0;1;1;0;2;2;2;24;1
865;24;112;1;0;2;0;0;2;0;2;36;1
866;29;125;1;0;2;0;0;2;1;2;28;2
867;30;96;0;0;2;0;1;2;1;0;16;1
868;18;121;0;1;2;0;0;1;2;2;34;2
869;25;89;1;0;1;1;2;2;0;2;17;1
870;28;137;0;2;1;0;0;2;0;2;45;1
871;31;126;0;1;2;1;2;2;1;2;24;1
872;30;106;1;1;2;0;1;0;0;2;37;2
873;33;118;0;2;1;0;0;1;1;2;32;2
874;25;142;0;0;2;0;1;1;1;2;35;2
875;26;76;0;0;1;1;0;1;1;2;26;2
876;24;149;2;1;2;0;2;1;1;2;38;2
877;26;151;1;1;2;0;0;1;0;2;29;1
878;33;149;0;1;2;0;1;2;0;2;38;1
879;20;205;1;0;1;0;2;2;0;1;43;2
880;37;83;1;0;2;0;1;1;0;2;31;2
881;28;90;0;0;2;0;1;2;0;2;27;2
882;25;128;1;0;2;0;0;2;1;1;16;1
883;28;111;1;0;2;1;1;1;1;2;32;1
884;26;163;1;1;2;0;0;1;1;1;32;1
885;32;165;0;2;2;0;1;2;0;1;26;2
886;25;188;0;0;2;1;1;2;1;2;39;1
887;32;208;0;1;2;0;1;2;0;0;54;2
888;26;114;1;1;1;0;0;1;2;2;41;2
889;35;98;1;0;2;0;1;1;0;2;29;2
892;29;107;1;0;2;1;1;1;1;2;11;1
893;27;148;1;0;2;0;0;2;0;2;41;2
894;29;156;0;2;1;0;1;1;1;2;25;1
895;31;124;0;1;2;1;1;2;0;1;28;2
896;25;164;1;0;2;1;0;2;1;1;40;2
897;30;111;2;2;2;0;1;0;1;1;30;1
898;27;67;2;0;2;1;1;2;0;2;30;2
899;29;82;1;0;2;0;1;2;2;1;39;2
900;44;163;1;0;2;0;0;2;1;2;38;1
901;26;66;0;0;2;0;0;0;0;1;32;2
902;32;121;0;1;2;0;1;2;1;2;25;1
903;25;130;0;2;2;2;0;1;2;2;39;2
904;34;207;1;1;2;1;2;1;1;1;32;2
905;27;136;2;2;2;0;0;2;1;0;43;2
906;19;95;1;1;1;0;1;2;1;1;20;1
907;22;119;0;1;2;0;2;2;1;2;42;2
908;22;103;1;1;2;0;0;1;1;2;33;2
909;28;48;0;1;1;0;1;1;2;2;26;2
910;21;168;1;0;1;0;1;1;1;2;42;2
911;23;137;1;0;1;1;1;1;1;2;38;1
912;27;118;0;1;2;0;1;1;2;2;17;2
913;35;94;1;1;2;1;0;1;0;2;33;2
914;36;150;1;1;2;0;1;1;1;2;39;2
915;25;101;1;2;2;0;0;0;0;1;37;2
916;32;273;1;1;2;0;0;1;0;2;37;1
917;29;128;1;2;2;1;0;1;0;2;34;1
918;26;132;1;0;2;1;0;0;1;2;25;2
919;18;127;1;2;2;0;0;2;1;1;23;2
920;27;205;0;0;2;1;1;1;1;1;34;2
921;24;168;0;2;2;0;0;2;1;2;50;2
922;31;107;0;2;1;0;1;2;1;2;29;2
923;25;98;1;0;2;0;2;2;2;1;49;1
924;33;162;1;0;2;0;0;1;1;0;51;1
925;28;117;0;0;1;0;1;1;0;2;60;1
926;30;127;1;2;2;1;1;1;1;2;38;2
927;25;185;1;0;2;0;2;1;1;1;29;2
928;25;183;0;0;1;0;0;1;2;1;38;1
929;19;67;0;1;2;0;1;1;2;2;21;2
930;21;151;1;1;2;0;1;1;1;1;45;2
932;20;113;1;1;2;0;2;2;0;2;45;2
933;28;124;2;1;2;0;1;1;0;1;34;2
934;23;116;1;0;2;0;1;2;1;2;37;2
936;26;112;1;2;1;0;1;2;1;2;42;2
937;29;202;0;0;2;0;1;2;0;1;44;1
938;27;87;1;2;2;0;1;2;0;1;18;2
939;18;169;1;1;2;0;1;2;0;0;37;1
940;28;85;0;0;2;0;0;2;1;1;16;2
941;27;101;0;0;2;0;0;1;1;2;32;2
942;27;153;0;1;2;1;1;2;1;1;42;2
943;24;142;0;1;2;0;0;1;1;2;33;1
944;36;172;1;2;2;0;0;0;1;2;32;1
945;30;85;2;2;1;0;1;2;1;2;38;1
947;41;78;0;2;2;1;0;2;1;2;37;1
949;30;146;1;2;2;0;2;2;0;1;26;2
950;27;313;1;2;1;0;0;1;2;2;27;2
951;22;85;1;2;2;0;1;1;0;2;28;2
952;30;150;0;1;2;0;0;0;0;2;51;1
953;32;195;1;0;1;1;1;2;1;1;28;1
954;31;143;0;0;2;0;2;1;0;1;55;2
955;21;129;1;2;2;0;1;1;0;2;22;1
956;36;125;0;2;2;1;1;2;1;1;40;1
957;29;93;2;0;1;0;1;1;1;1;24;1
958;27;136;0;1;2;0;1;2;0;2;18;1
959;24;123;2;0;1;1;0;2;1;2;29;2
960;29;114;1;2;2;0;1;2;0;2;45;1
961;26;113;1;1;0;0;0;1;1;2;18;1
962;22;120;0;1;1;0;0;2;0;2;35;2
963;26;92;1;0;2;1;0;0;1;2;27;2
964;30;102;2;1;1;0;1;2;0;1;33;2
966;18;94;0;1;1;0;0;0;2;1;17;1
967;25;105;1;0;2;0;0;0;1;2;46;2
969;24;123;1;2;1;1;1;1;1;2;37;2
970;29;127;1;1;1;1;1;1;1;2;28;2
971;28;139;0;0;2;0;1;1;0;2;54;2
972;28;82;1;1;1;0;0;0;1;1;22;2
973;23;145;1;1;2;1;1;1;1;2;38;2
974;31;191;0;2;2;0;0;1;1;2;33;1
975;24;130;0;1;1;1;1;2;2;0;36;1
976;29;179;1;2;2;0;1;1;2;2;29;1
977;22;149;1;1;2;0;1;1;1;1;22;2
978;25;150;0;0;2;0;0;2;0;2;43;2
979;27;117;0;0;2;0;1;2;1;2;31;2
980;34;127;1;1;2;0;0;1;0;2;29;1
981;25;129;0;1;2;0;1;1;0;1;28;1
982;26;101;1;1;1;0;0;1;0;2;33;1
983;29;136;1;1;2;1;0;1;2;2;34;2
984;22;104;1;0;2;1;0;2;1;2;34;1
985;29;119;2;0;1;1;1;1;0;2;37;2
986;30;193;1;0;2;0;0;2;2;1;38;1
987;26;180;1;0;2;1;0;1;1;1;29;2
988;26;132;1;2;2;0;1;2;1;2;19;1
989;30;116;0;1;2;1;1;0;0;2;43;1
990;30;160;1;1;2;0;1;2;1;2;50;1
991;30;127;1;1;2;0;0;1;0;2;27;2
992;27;116;1;0;2;0;0;0;1;2;43;1
993;28;190;1;0;2;0;2;2;0;2;23;1
994;23;88;1;0;2;0;1;1;1;1;28;2
995;25;124;0;0;2;1;2;1;1;2;39;2
996;28;135;1;0;2;0;1;2;0;2;23;1
997;27;85;1;1;2;0;1;1;0;1;23;2
998;30;171;0;0;1;0;0;2;1;1;52;1
999;28;208;1;1;2;0;1;1;2;1;45;2
1000;22;92;1;2;2;0;2;1;1;2;23;1
1001;31;166;0;2;2;0;2;2;1;2;51;1
1002;29;315;0;1;2;0;0;2;0;1;28;1
1003;32;126;1;1;2;0;1;1;1;2;25;1
1004;29;118;1;1;1;1;1;1;1;2;27;1
1005;29;86;1;0;2;0;1;1;1;2;30;2
1006;25;127;1;1;1;0;1;1;1;2;49;1
1007;29;142;0;0;2;0;1;2;1;0;37;2
1008;28;140;0;2;2;0;0;2;2;2;46;1
1009;26;107;0;1;2;0;1;1;1;2;29;1
1010;24;98;0;0;2;0;0;1;0;2;25;1
1011;22;136;0;0;2;0;0;1;2;1;32;1
1012;32;153;2;0;2;1;1;2;1;1;40;1
1013;25;156;1;1;2;0;0;1;0;2;49;2
1015;24;118;1;1;1;0;1;2;1;1;22;2
1016;22;102;0;0;1;0;0;0;1;2;41;2
1017;31;100;1;1;1;0;1;2;0;2;26;1
1018;26;79;0;1;2;0;0;1;0;2;27;1
1019;23;64;1;0;2;1;0;2;0;2;24;2
1020;21;140;1;2;2;0;0;2;1;1;49;2
1021;28;155;2;2;2;0;0;1;1;1;29;2
1022;31;140;0;1;1;1;0;1;1;1;48;1
1024;27;99;0;0;0;0;0;1;0;1;42;2
1025;28;158;0;2;2;0;1;2;1;2;41;1
1028;28;79;0;0;2;0;0;1;1;2;44;1
1029;31;181;0;1;2;0;1;1;1;1;40;2
1030;23;118;1;1;1;0;0;1;1;2;40;2
1031;31;170;0;1;2;1;1;2;2;2;30;2
1032;25;98;0;2;2;0;1;0;1;2;22;2
1033;27;169;0;2;2;1;1;1;0;2;25;2
1034;27;85;0;1;2;0;1;1;0;2;32;1
1035;26;133;1;1;2;0;1;0;0;2;58;1
1036;20;116;0;1;2;0;0;1;2;2;37;2
1037;25;131;1;0;2;0;1;1;1;2;29;2
1039;31;106;0;0;1;0;1;2;0;2;28;2
1040;25;140;1;0;2;0;1;2;2;1;54;2
1041;24;120;0;1;2;0;0;2;1;2;37;1
1042;22;115;0;1;2;0;0;2;0;2;19;2
1043;28;144;0;2;2;0;0;0;1;2;38;1
1044;29;129;2;0;2;0;1;2;2;2;30;1
1045;28;132;0;1;2;0;0;0;1;2;46;1
1046;24;139;0;0;2;1;1;2;1;2;28;2
1047;29;154;1;1;2;0;1;2;1;2;22;2
1048;26;151;1;0;2;0;1;2;1;1;33;1
1049;22;82;0;0;2;0;0;2;1;2;30;2
1050;29;68;0;1;2;0;2;1;0;2;40;2
1051;20;97;0;1;2;0;1;2;0;2;32;2
1052;33;157;0;0;2;0;1;1;1;0;45;2
1053;32;134;0;1;2;1;0;0;1;2;26;1
1054;35;108;1;2;1;1;0;2;0;2;38;2
1055;33;146;0;0;2;1;1;2;1;1;42;2
1056;27;163;0;2;0;0;1;2;1;2;45;2
1057;31;124;1;1;2;0;1;1;2;2;24;2
1058;27;150;1;0;2;0;0;1;1;2;40;2
1059;35;166;2;1;1;1;0;0;2;2;35;2
1062;25;112;0;1;2;0;0;1;2;1;29;2
1063;24;86;1;1;2;0;0;2;0;2;30;2
1064;27;119;1;0;2;0;0;1;1;2;27;2
1065;33;152;1;2;2;1;0;2;1;2;39;2
1066;32;121;0;1;2;0;1;2;1;1;34;2
1067;32;141;1;1;2;1;2;2;0;2;21;2
1068;22;135;1;2;2;2;1;2;2;2;29;2
1069;34;188;0;1;2;0;0;2;2;1;30;1
1070;26;146;1;1;2;1;2;2;2;2;29;1
1071;35;107;1;2;2;0;2;2;1;2;27;2
1072;32;164;1;2;1;0;0;2;1;2;48;1
1074;24;78;1;2;1;0;0;2;1;2;21;2
1075;24;105;1;1;1;1;1;2;0;2;45;1
1076;29;148;0;0;2;0;0;1;0;2;40;1
1077;26;177;0;0;2;0;0;0;0;1;30;1
1078;29;145;0;2;2;0;1;2;0;2;40;1
1079;31;158;1;0;2;0;1;1;0;1;41;1
1080;25;85;1;0;2;0;1;2;1;2;38;2
1081;23;126;1;1;2;0;1;1;1;1;33;2
1082;28;137;1;0;2;0;1;0;2;2;52;2
1083;18;177;0;1;2;0;0;2;2;2;48;1
1085;24;88;1;1;2;0;1;2;1;1;33;2
1086;34;135;1;0;2;1;0;1;1;2;37;1
1087;33;183;0;1;2;1;1;1;1;1;52;1
1088;22;103;0;1;0;0;0;1;1;2;42;1
1089;24;169;1;1;2;0;1;1;0;2;49;1
1090;28;94;1;0;1;0;0;2;1;0;17;2
1091;30;130;1;0;2;0;0;2;0;2;20;2
1092;37;161;0;1;2;0;1;1;1;2;29;1
1093;18;126;0;1;2;0;0;1;0;2;42;2
1094;27;100;1;1;2;0;0;1;1;1;52;2
1095;20;89;0;1;1;0;2;1;0;1;24;1
1096;26;137;0;1;1;0;0;2;0;2;41;1
1099;26;57;1;1;2;0;0;0;1;2;23;2
1100;21;107;1;1;2;1;0;1;0;2;52;1
1101;26;101;0;0;2;1;0;2;1;2;30;1
1102;30;94;0;1;1;0;0;2;0;2;24;1
1103;23;105;0;2;2;0;2;0;2;1;39;1
1105;28;151;1;2;2;1;1;2;0;2;40;2
1106;23;105;1;1;2;0;0;1;0;2;45;1
1107;30;135;1;1;2;0;0;1;2;1;38;2
1108;23;91;2;2;2;0;1;2;1;0;30;2
1109;24;74;1;2;2;0;0;1;2;2;42;2
1110;28;143;1;2;1;0;1;2;0;1;51;1
1111;26;105;1;1;2;0;1;1;1;2;29;2
1112;33;105;2;0;2;0;1;2;1;2;29;2
1113;23;155;1;2;2;0;1;2;1;2;29;1
1114;25;153;0;1;2;0;0;1;1;2;60;2
1115;35;214;0;1;2;1;1;2;0;2;49;1
1116;32;100;1;0;1;0;0;2;1;2;31;2
1117;30;170;0;2;2;1;0;0;1;2;48;1
1118;32;150;0;0;2;0;2;2;0;1;41;2
1119;21;129;1;0;2;0;0;1;0;2;29;2
1120;26;100;0;2;2;0;0;1;0;1;24;1
1122;26;99;0;2;2;1;1;1;1;2;22;2
1124;23;119;1;0;1;0;0;2;2;2;40;2
1125;30;140;1;1;2;0;1;1;1;2;47;1
1126;30;175;1;1;2;1;2;1;2;1;38;1
1127;25;60;0;0;2;0;0;0;0;1;19;2
1128;30;158;1;0;2;0;1;2;1;2;24;2
1130;25;134;1;0;2;0;2;1;1;2;31;2
1131;28;142;1;0;2;0;0;1;2;2;43;2
1132;30;109;1;0;2;1;2;1;0;1;52;1
1133;36;193;0;2;2;0;1;1;1;2;36;1
1134;29;188;0;0;2;0;1;1;0;2;28;1
1135;29;124;1;2;2;0;1;1;1;2;32;2
1136;25;138;0;2;1;0;0;1;1;1;27;2
1137;29;117;1;1;2;0;0;1;2;2;42;1
1139;25;93;0;0;2;0;1;2;0;2;33;1
1140;31;90;1;1;2;1;0;1;0;2;25;2
1141;31;120;1;1;1;0;0;1;0;2;44;2
1142;16;122;1;2;2;0;2;2;1;2;41;2
1143;28;165;0;0;2;1;1;2;0;1;43;1
1144;28;92;1;1;2;1;1;1;1;2;38;2
1145;26;101;1;1;2;0;0;2;1;2;39;2
1146;23;130;0;1;1;0;0;1;1;1;49;1
1147;35;225;1;2;1;0;0;2;0;1;40;2
1148;28;144;0;0;2;0;1;1;2;2;44;1
1150;27;16;1;2;2;0;2;2;0;2;25;2
1151;25;105;0;1;2;0;1;1;0;2;35;1
1152;27;109;1;1;2;0;1;1;1;2;44;1
1153;26;112;1;0;2;0;0;1;1;2;23;2
1154;21;102;0;2;1;0;0;2;1;0;46;2
1155;32;115;0;1;2;0;0;0;1;0;28;2
1156;25;92;1;0;2;0;1;1;1;2;23;1
1157;22;140;0;0;2;0;1;2;0;2;40;2
1158;26;113;0;1;2;0;0;1;0;2;43;2
1159;27;132;1;1;1;0;0;2;1;0;49;1
1160;24;135;0;0;2;1;1;1;0;2;50;1
1161;21;141;1;2;1;0;1;2;2;1;42;2
1162;26;162;0;0;2;0;2;2;0;2;29;1
1163;20;137;1;0;1;0;1;2;1;2;52;1
1164;31;131;0;2;2;1;0;1;1;2;43;2
1165;29;143;0;0;2;0;0;2;0;2;30;2
1166;35;116;1;0;1;1;0;1;0;2;44;2
1167;26;112;1;1;2;0;1;2;0;2;33;2
1168;31;131;1;2;1;0;1;2;0;2;44;1
1170;24;78;0;0;1;0;0;2;0;1;28;1
1171;26;193;0;1;2;0;1;2;0;1;54;2
1172;26;6;1;0;1;0;1;2;1;2;42;2
1173;21;136;1;0;2;0;0;2;1;2;41;1
1174;24;127;0;1;2;0;0;2;1;1;46;2
1175;27;127;1;1;2;0;1;2;0;2;31;1
1176;30;147;1;0;2;0;0;2;2;2;28;1
1177;26;155;1;1;2;0;2;1;1;2;43;2
1178;33;137;1;0;1;0;2;2;2;2;44;2
1180;27;95;1;2;2;0;2;2;0;1;38;2
1181;30;138;1;1;1;0;0;1;1;2;31;2
1182;28;163;0;2;1;1;1;2;1;1;37;2
1183;26;95;0;0;2;0;0;2;0;2;35;2
1184;27;151;1;0;1;0;0;1;1;2;48;2
1187;24;139;1;0;2;0;1;0;1;1;27;2
1188;34;112;1;0;1;0;0;2;1;2;42;2
1189;30;160;0;1;2;0;1;2;1;1;48;1
1190;31;93;1;2;1;1;2;1;1;2;33;2
1191;28;114;1;2;2;0;1;1;1;2;37;2
1192;23;78;0;1;1;0;0;0;1;1;27;1
1193;29;16;1;2;2;1;0;1;0;1;39;2
1194;29;145;1;2;2;0;0;1;1;2;36;1
1195;35;129;1;2;1;2;0;2;1;2;34;1
1196;29;125;1;0;1;0;2;1;0;1;26;2
1199;29;143;0;2;2;0;1;1;1;2;55;1
1201;30;133;0;1;2;0;0;2;0;1;32;2
1202;24;116;1;2;2;0;0;2;2;2;28;2
1203;22;114;1;1;2;0;0;2;1;2;36;1
1204;28;111;1;0;1;0;1;2;1;0;23;2
1207;27;106;0;2;2;0;0;1;1;1;35;2
1208;28;143;1;1;2;0;0;1;0;2;50;2
1209;28;159;0;2;2;1;1;2;1;2;47;1
1210;27;101;0;0;2;0;1;0;0;2;31;2
1211;30;103;1;0;2;0;1;1;1;2;26;2
1212;29;118;1;2;2;1;2;2;1;2;33;1
1213;20;115;1;1;2;0;0;1;0;2;48;2
1214;25;122;0;0;2;0;0;2;1;1;39;1
1215;29;153;1;0;1;1;0;0;2;2;32;1
1216;25;102;1;2;1;1;0;1;1;1;39;2
1217;20;223;1;1;2;0;1;2;1;2;53;2
1218;26;101;1;0;2;0;1;2;1;0;21;2
1219;25;107;0;0;1;0;1;0;1;1;31;2
1220;27;107;1;1;1;0;0;1;1;1;53;2
1221;23;116;1;2;2;0;0;2;0;1;41;2
1222;22;104;0;1;2;0;0;2;1;2;32;1
1223;28;115;1;2;0;0;0;2;1;2;55;1
1224;31;171;1;1;2;0;1;2;2;0;36;2
1225;34;120;1;0;2;0;0;1;1;1;36;1
1226;24;96;2;0;1;0;0;2;0;2;43;1
1227;33;232;1;1;2;0;2;2;0;1;33;2
1228;34;182;1;2;2;1;0;1;0;2;37;2
1229;27;100;0;1;2;0;2;1;1;1;38;2
1230;29;93;1;2;1;0;1;0;1;2;45;1
1231;24;90;1;0;2;0;1;1;1;2;19;2
1232;33;163;1;0;2;0;1;1;0;1;31;1
1233;22;95;1;1;2;1;0;0;0;1;42;2
1234;25;77;0;1;2;0;1;2;1;2;28;2
1236;27;159;1;0;1;0;0;2;1;0;40;1
1237;26;128;1;1;1;0;1;2;1;2;42;1
1238;40;142;1;2;1;0;0;2;1;2;47;1
1239;29;90;1;1;2;0;0;2;1;2;21;2
1240;33;170;1;1;2;0;0;1;1;2;34;1
1241;30;130;1;1;1;0;1;0;0;2;40;2
1243;22;79;1;0;2;0;0;0;2;2;37;2
1244;28;136;0;2;2;1;0;2;1;2;24;1
1246;27;99;1;1;1;0;1;1;1;1;44;1
1247;21;165;0;0;2;1;1;2;0;2;31;1
1248;29;116;1;2;2;0;0;2;0;2;25;1
1249;25;119;1;2;2;1;0;2;1;2;29;2
1250;34;87;0;1;2;0;1;1;1;2;31;2
1251;27;74;1;1;2;0;2;1;1;2;31;2
1252;26;150;0;0;1;0;0;2;0;2;55;2
1253;34;80;2;0;1;0;0;0;0;2;34;1
1254;27;116;1;2;2;0;1;1;1;2;31;2
1255;27;118;1;1;2;0;0;1;2;2;32;1
1256;33;140;1;1;2;0;1;1;1;2;21;1
1257;25;122;0;1;2;0;1;1;1;2;33;2
1258;24;85;1;2;2;0;0;1;0;2;50;2
1259;28;134;0;2;2;1;0;2;1;2;42;1
1260;23;135;1;1;2;0;1;2;1;2;43;1
1261;22;146;0;1;2;0;1;2;0;1;43;2
1262;21;156;0;1;2;1;1;0;1;1;47;1
1263;22;150;1;0;2;0;1;1;2;2;42;1
1264;27;108;0;1;2;0;2;1;2;1;21;2
1265;24;111;0;2;2;0;1;2;0;2;40;2
1266;28;128;0;0;1;0;0;1;0;1;31;1
1267;28;124;0;1;0;0;1;2;1;1;25;2
1268;27;130;0;2;2;0;0;0;1;2;33;2
1269;21;120;1;1;2;0;1;1;1;2;28;2
1270;23;121;0;0;2;0;1;1;1;2;15;1
1272;33;253;0;1;2;2;1;1;0;0;32;2
1273;27;131;0;2;2;0;1;1;1;2;11;2
1274;28;115;0;0;2;0;1;1;1;2;28;1
1275;27;120;0;2;2;1;0;1;0;1;25;1
1276;26;131;1;2;2;0;0;0;1;2;46;2
1277;24;97;2;1;2;0;2;1;1;2;30;2
1278;27;72;1;2;1;0;0;0;0;2;50;1
1279;29;126;1;0;2;0;0;2;1;2;34;2
1280;27;206;0;1;2;1;1;2;2;2;42;2
1281;19;144;0;1;2;0;1;1;2;1;56;1
1282;32;155;1;1;2;0;0;1;2;2;40;2
1283;31;176;0;0;2;1;1;2;2;1;34;2
1284;32;131;0;2;2;0;1;2;1;1;32;2
1285;29;68;0;2;1;0;0;2;1;2;10;1
1286;31;266;0;0;2;0;1;1;2;2;58;2
1287;31;159;1;0;2;0;1;2;0;2;30;2
1288;28;205;1;1;2;0;1;2;2;0;50;2
1289;22;169;0;0;2;0;0;2;0;2;51;1
1290;28;161;1;1;2;1;1;1;1;2;37;1
1291;29;169;1;2;2;0;1;1;0;1;42;1
1292;28;143;0;0;2;0;2;1;0;1;48;2
1293;23;99;0;1;1;0;1;2;1;2;36;1
1294;21;159;0;1;1;0;1;1;1;2;47;2
1295;27;134;2;1;1;0;0;2;0;0;54;1
1296;20;67;1;1;1;0;1;2;1;2;40;1
1297;26;103;1;2;2;1;0;1;1;2;25;2
1298;34;143;1;2;2;0;1;2;1;2;56;2
1299;35;105;1;0;1;1;1;1;0;2;34;1
1300;21;114;1;0;2;1;1;2;0;1;35;2
1301;33;148;1;1;2;0;0;2;0;2;36;1
1302;31;159;1;0;1;0;0;2;1;2;48;2
1303;25;111;0;0;2;0;1;1;1;2;34;1
1304;29;112;0;1;2;0;0;1;1;2;36;2
1305;27;99;2;2;2;1;1;1;1;2;14;1
1306;25;162;0;1;1;0;0;2;1;1;47;1
1307;28;72;0;2;2;1;0;1;1;1;18;2
1308;24;98;1;2;2;0;0;2;0;2;42;1
1309;26;162;1;1;2;0;0;2;1;1;46;2
1310;29;188;1;0;2;0;0;2;0;1;52;2
1311;31;129;2;2;2;0;0;2;0;2;29;2
1312;28;57;1;1;2;0;0;1;0;1;11;1
1313;25;173;0;0;2;1;1;1;0;2;50;2
1315;29;173;1;0;2;0;0;2;0;2;28;2
1316;31;154;1;1;1;2;1;2;0;2;46;1
1317;26;99;0;0;0;0;1;0;0;2;46;2
1318;31;215;0;1;2;1;1;2;1;2;45;1
1319;29;137;1;0;2;0;1;1;2;1;56;1
1320;34;111;1;1;2;0;0;2;0;2;45;1
1321;30;133;0;1;0;0;1;1;1;2;47;2
1322;25;123;1;0;2;0;0;2;0;1;61;2
1323;28;165;0;0;2;0;0;2;0;2;46;1
1324;27;118;0;0;2;1;0;1;2;2;53;1
1325;25;134;1;1;2;0;1;2;2;1;31;1
1326;29;116;0;1;2;1;1;2;1;1;54;1
1327;27;123;1;1;2;0;1;2;2;1;34;2
1328;33;162;0;1;2;0;0;2;0;2;41;1
1329;28;131;1;0;1;0;1;2;0;2;28;1
1330;17;161;0;1;2;0;1;1;0;2;48;1
1331;20;81;0;1;0;0;0;2;1;2;53;1
1332;33;193;1;2;2;1;1;1;1;2;38;1
1333;29;169;0;0;2;2;1;2;1;2;46;1
1335;24;103;0;0;1;0;0;2;0;2;43;1
1336;36;95;0;0;2;1;0;1;0;2;40;2
1337;30;116;1;1;1;0;0;1;1;2;29;2
1338;33;145;0;1;2;1;2;2;1;1;32;1
1339;28;150;1;2;2;0;1;1;0;0;45;1
1340;23;159;0;0;2;0;0;1;0;1;49;2
1341;29;115;1;0;2;0;1;2;0;2;36;1
1342;26;91;0;1;1;0;0;2;1;2;28;2
1343;27;178;2;1;1;1;1;1;0;2;53;1
1344;29;120;0;1;2;0;0;1;2;2;54;2
1345;29;137;0;0;2;0;1;1;2;1;34;1
1346;30;149;0;2;2;1;0;1;0;1;44;2
1347;19;87;1;1;1;1;1;1;1;1;44;1
1348;24;210;1;1;2;0;1;2;0;2;36;2
1350;32;202;0;2;2;1;0;1;1;1;60;2
1351;30;204;1;1;2;0;1;1;2;2;46;2
1352;15;58;1;0;2;0;0;1;1;2;48;2
1353;23;93;0;1;1;0;1;1;0;2;23;2
1354;31;97;1;0;2;0;0;2;1;2;49;1
1355;20;133;0;1;2;0;2;2;0;2;29;2
1356;20;132;1;1;1;0;1;2;0;2;32;2
1357;28;50;0;1;2;0;0;2;0;2;36;1
1358;26;137;1;1;1;0;0;1;0;2;49;2
1359;31;103;0;0;2;0;0;2;1;2;31;2
1360;24;158;1;1;1;0;0;1;1;2;49;1
1361;27;123;0;1;2;0;0;1;1;2;46;2
1362;29;117;0;0;2;1;2;1;1;2;30;1
1363;34;101;0;2;2;0;2;2;0;1;30;2
1364;27;150;0;1;2;0;1;2;2;2;26;2
1365;27;107;1;0;2;0;1;0;1;2;43;1
1366;23;90;1;0;2;1;0;2;0;2;19;2
1368;30;195;0;2;2;0;0;2;0;2;53;2
1369;18;134;0;0;2;0;0;1;2;1;52;1
1370;33;125;1;1;1;0;0;2;0;2;35;2
1371;24;129;1;1;2;0;0;2;0;2;32;2
1372;27;162;0;2;2;0;0;1;1;0;43;2
1373;26;149;0;1;1;0;0;1;2;2;50;1
1374;25;161;1;1;2;0;1;1;2;2;49;2
1375;26;94;0;0;2;0;0;2;1;1;24;2
1376;26;120;0;1;2;1;0;2;1;2;44;2
1377;31;161;1;1;2;0;0;1;1;2;41;1
1378;30;128;2;2;0;0;2;1;0;2;39;1
1379;32;218;1;1;2;1;1;0;1;1;52;2
1380;23;164;1;1;2;0;1;1;0;2;45;2
1381;24;164;0;1;2;2;1;0;1;2;59;2
1382;26;155;0;0;2;0;1;2;1;2;25;2
1383;35;134;1;2;1;0;0;1;2;1;30;1
1384;26;131;1;0;0;1;0;2;1;1;38;1
1385;31;150;0;1;0;0;0;2;2;1;56;2
1386;31;120;1;0;2;0;0;0;2;1;29;2
1387;26;142;0;2;0;1;2;1;0;1;41;2
1388;30;178;1;1;2;1;2;0;1;2;36;2
1389;28;117;0;1;2;0;0;0;0;2;31;1
1390;32;144;1;1;2;1;2;1;1;1;41;1
1391;28;162;0;0;2;1;1;1;0;2;20;2
1392;33;168;0;0;2;0;0;2;1;1;46;1
1393;18;125;1;2;2;0;0;1;2;2;55;1
1394;31;125;0;0;2;0;1;1;0;2;42;1
1395;29;211;0;2;2;0;1;1;1;2;39;1
1396;28;108;1;1;2;1;0;2;0;2;35;1
1397;30;135;0;1;2;0;1;1;0;2;54;1
1398;26;136;0;0;2;1;0;1;1;2;53;1
1399;27;124;0;2;1;1;0;1;0;1;53;1
1400;32;187;0;0;2;0;0;2;1;1;44;2
1401;29;159;0;1;2;1;0;2;1;1;56;2
1402;32;105;1;2;2;0;0;1;0;2;23;1
1403;29;97;1;2;1;0;0;1;0;2;28;2
1404;31;130;0;1;2;0;1;0;0;1;38;1
1405;30;203;0;1;2;1;2;1;0;2;50;1
1406;30;148;1;2;2;0;0;1;0;1;51;1
1407;32;163;0;2;2;0;0;1;1;2;48;2
1408;27;179;0;1;2;0;1;2;1;0;36;1
1409;28;141;1;2;2;0;1;1;1;1;38;1
1410;31;151;1;1;1;0;2;2;0;1;54;2
1411;30;150;1;1;2;1;1;1;2;2;45;2
1412;24;189;1;0;2;0;2;2;2;0;41;1
1413;22;146;1;0;2;0;0;2;1;0;35;1
1414;30;116;1;0;2;0;2;2;0;2;47;1
1415;34;118;1;1;2;0;0;1;1;2;46;1
1416;26;192;0;0;2;0;1;0;0;2;35;1
1418;19;122;0;1;0;1;0;1;1;2;33;2
1419;26;119;1;1;2;0;1;2;2;0;38;2
1420;28;119;1;0;2;0;2;1;0;2;36;1
1421;29;118;1;2;1;0;2;2;0;2;44;1
1423;33;192;2;2;2;1;0;1;0;1;48;2
1424;26;104;0;0;2;0;1;0;2;1;37;1
1426;19;129;1;1;1;0;1;2;0;2;51;1
1427;28;136;1;2;2;0;1;2;0;1;37;2
1428;29;134;0;1;2;0;0;1;1;0;48;1
1429;27;110;0;2;2;0;0;0;1;1;28;2
1430;36;157;0;0;2;1;1;2;0;2;44;1
1431;20;170;1;0;1;0;1;1;0;2;49;1
1432;29;146;1;2;2;0;0;2;1;2;51;2
1433;32;157;0;0;2;0;1;2;1;1;48;2
1434;24;100;0;2;2;0;0;1;2;2;32;2
1435;27;195;0;1;1;1;0;2;0;0;48;2
1436;27;149;0;0;1;0;0;2;0;2;39;2
1437;20;165;0;2;2;0;2;1;0;2;39;2
1438;32;126;0;1;2;1;0;2;1;2;27;2
1439;30;146;0;2;2;1;1;2;1;2;52;2
1441;33;235;0;0;2;0;0;2;0;2;48;1
1442;32;123;1;1;2;0;1;1;1;1;51;2
1443;34;180;1;0;2;0;0;1;0;2;45;1
1444;29;155;0;0;2;0;1;1;1;2;43;2
1446;28;153;1;1;2;2;1;1;0;2;51;2
1448;32;109;0;2;2;0;1;2;0;1;33;2
1449;22;103;0;0;2;0;2;1;1;2;39;1
1450;29;135;0;2;2;1;1;2;1;2;36;1
1451;22;140;1;1;2;0;1;2;0;2;47;2
1452;27;158;1;1;2;0;1;2;1;1;43;2
1453;29;110;0;2;2;1;1;2;0;1;56;1
1454;29;134;0;1;2;0;0;2;1;2;48;2
1455;27;116;0;1;2;0;0;2;0;2;43;2
1457;33;188;1;2;2;0;1;2;2;2;47;1
1458;27;72;0;2;2;0;0;1;0;1;57;2
1460;30;152;1;1;2;0;2;2;0;2;62;1
1461;30;145;0;2;2;0;0;2;0;1;43;1
1462;26;134;0;1;2;0;0;2;1;2;52;2
1463;25;115;1;2;1;0;0;1;1;2;45;2
1464;27;96;1;0;1;0;1;2;0;2;39;2
1465;27;158;2;0;1;1;0;1;1;2;52;2
1466;31;202;1;1;1;0;0;1;1;2;37;1
1467;30;144;0;0;1;0;0;1;1;2;46;1
1468;31;166;1;0;2;0;1;2;0;2;48;1
1469;24;169;1;0;2;0;1;2;1;2;47;2
1472;30;120;1;2;1;0;1;2;1;2;47;2
1473;34;113;0;0;2;1;0;2;1;2;28;2
1474;48;158;1;0;1;2;0;2;1;2;55;2
1475;29;114;0;2;1;1;0;2;1;2;30;1
1476;34;107;1;1;2;0;1;2;2;2;40;1
1477;24;195;1;2;1;0;1;2;1;2;46;2
1478;21;137;0;1;2;0;0;2;2;2;47;1
1479;29;127;1;1;2;0;0;1;0;2;49;1
1480;31;127;0;2;2;0;1;2;0;2;54;2
1481;25;118;0;1;2;0;2;0;0;2;37;2
1482;32;120;0;2;2;0;1;2;1;1;53;2
1483;28;115;0;1;2;0;0;1;1;2;33;2
1484;25;129;1;2;1;0;0;1;0;2;30;1
1485;23;138;2;0;1;0;0;2;0;2;47;2
1486;30;128;2;1;2;0;1;1;1;2;40;1
1487;30;164;0;0;2;0;1;2;2;2;42;1
1488;27;110;1;2;1;0;1;1;1;2;38;1
1489;25;112;0;1;2;0;1;2;1;1;27;1
1490;27;189;1;1;2;1;0;2;1;2;40;1
1491;20;91;0;2;2;0;0;0;1;2;38;2
1492;32;126;1;0;2;0;2;1;0;2;32;1
1493;28;173;0;0;2;0;2;2;1;1;43;2
1494;24;126;1;2;2;0;1;1;1;1;23;1
1495;26;162;1;1;2;0;1;1;2;2;39;2
1496;34;171;0;2;2;0;1;2;1;2;51;2
1497;28;154;1;1;2;0;0;1;1;2;43;2
1498;29;124;1;1;2;0;2;2;0;2;22;2
1500;20;159;0;0;2;1;0;1;0;1;47;1
1501;27;165;1;0;2;0;1;1;1;2;36;1
1502;35;135;0;1;2;0;0;2;1;1;51;1
1503;28;183;0;0;2;0;1;0;2;2;49;2
1504;26;130;1;0;2;0;1;2;1;2;38;2
1505;32;143;0;1;0;1;1;1;1;2;53;2
1506;27;119;0;2;2;0;1;2;0;2;46;2
1507;26;144;1;0;2;0;0;2;0;1;52;1
1508;26;137;0;2;2;0;1;2;1;2;46;1
1510;24;101;2;0;2;0;1;1;1;2;54;2
1511;25;142;1;0;2;0;1;2;1;2;38;1
1512;30;160;1;0;2;0;2;1;1;2;41;1
1513;20;131;1;1;2;0;1;1;1;0;45;1
1514;32;145;1;2;2;0;1;2;0;2;35;1
1515;27;163;1;0;2;0;1;2;1;2;35;2
1516;26;87;0;0;2;0;0;2;0;2;22;2
1517;31;156;1;0;1;0;1;1;2;1;39;2
1518;27;107;0;1;2;0;1;2;1;1;29;1
1519;27;150;0;1;2;0;1;1;0;2;29;2
1520;37;129;0;1;2;1;2;2;2;2;16;1
1521;25;211;1;1;2;1;2;2;1;1;25;1
1522;32;118;0;1;1;0;1;1;2;2;28;1
1523;21;105;1;0;2;1;1;2;1;2;31;2
1524;24;176;1;0;2;0;1;2;0;2;39;1
1525;27;158;1;1;2;1;0;2;2;2;48;2
1526;29;128;1;1;2;0;1;1;0;2;50;2
1527;28;129;0;2;1;1;0;1;0;2;59;2
1528;36;135;1;1;2;0;1;2;1;2;61;2
1529;27;125;0;1;2;0;2;0;1;2;36;1
1530;30;201;1;1;2;1;2;2;1;2;49;1
1531;26;122;0;1;2;0;0;2;1;2;56;2
1532;29;124;0;2;1;0;0;1;0;1;24;2
1533;19;107;0;1;2;0;0;1;0;2;29;1
1534;29;108;1;0;2;1;0;1;0;2;34;2
1535;31;89;1;2;2;1;1;2;1;2;35;1
1536;34;161;0;2;1;1;1;1;2;1;47;2
1537;28;234;1;1;2;1;1;2;0;2;36;2
1538;32;175;0;0;2;0;1;2;2;2;28;2
1539;23;106;1;2;2;1;2;2;1;2;24;1
1540;35;140;0;0;1;0;0;1;1;1;34;1
1541;37;86;1;1;2;0;0;2;1;1;61;1
1542;34;100;1;1;2;0;1;2;0;2;43;1
1543;30;136;0;2;1;0;0;2;1;2;49;2
1544;27;154;1;1;1;0;0;2;0;1;47;2
1545;28;187;1;0;2;0;2;1;2;2;53;1
1546;26;117;0;0;2;0;0;1;1;1;34;1
1547;24;141;0;0;2;2;1;0;2;1;45;1
1548;33;121;1;0;2;0;1;0;0;2;50;2
1550;28;105;1;1;1;1;0;1;0;2;49;1
1551;27;156;2;1;1;0;1;1;0;2;48;2
1552;22;146;1;1;2;1;2;0;2;2;33;1
1553;26;132;0;0;2;1;2;2;1;2;40;2
1555;27;141;0;0;0;1;1;1;1;2;32;2
1556;28;172;1;1;1;0;1;2;0;2;48;2
1558;24;126;1;2;1;0;1;2;2;1;47;2
1559;25;119;0;1;2;0;0;1;1;2;20;1
1560;27;133;1;0;2;0;1;1;0;2;29;2
